{ "compressionlevel":-1,
 "editorsettings":
    {
     "chunksize":
        {
         "height":25,
         "width":15
        }
    },
 "height":25,
 "infinite":false,
 "layers":[
        {
         "data":[0, 0, 0, 0, 0, 0, 0, 0, 0, 0, 0, 0, 0, 0, 0, 0, 0, 0, 0, 0, 0, 0, 0, 0, 0, 0, 0, 0, 0, 0, 0, 0, 0, 0, 0, 0, 0, 0, 0, 0, 0, 0, 0, 0, 0, 0, 0, 0, 177, 178, 178, 179, 173, 177, 178, 178, 179, 0, 0, 0, 0, 0, 0, 182, 183, 183, 184, 175, 182, 183, 183, 184, 0, 0, 0, 0, 0, 0, 182, 183, 183, 184, 180, 182, 183, 183, 184, 0, 0, 0, 0, 0, 0, 187, 188, 188, 189, 180, 187, 188, 188, 189, 0, 0, 0, 0, 0, 177, 178, 178, 179, 175, 180, 170, 177, 178, 178, 179, 0, 0, 0, 0, 182, 183, 183, 184, 180, 175, 176, 182, 183, 183, 184, 0, 0, 0, 0, 182, 183, 183, 184, 185, 180, 175, 182, 183, 183, 184, 0, 0, 0, 0, 187, 188, 188, 189, 176, 175, 170, 187, 188, 188, 189, 0, 0, 0, 0, 0, 177, 178, 178, 179, 180, 177, 178, 178, 179, 0, 0, 0, 0, 0, 0, 182, 183, 183, 184, 180, 182, 183, 183, 184, 0, 0, 0, 0, 0, 0, 182, 183, 183, 184, 175, 182, 183, 183, 184, 0, 0, 0, 0, 0, 0, 187, 188, 188, 189, 180, 187, 188, 188, 189, 0, 0, 0, 0, 0, 177, 178, 178, 179, 175, 180, 171, 177, 178, 178, 179, 0, 0, 0, 0, 182, 183, 183, 184, 180, 180, 170, 182, 183, 183, 184, 0, 0, 0, 0, 182, 183, 183, 184, 170, 180, 185, 182, 183, 183, 184, 0, 0, 0, 0, 187, 188, 188, 189, 171, 180, 175, 187, 188, 188, 189, 0, 0, 0, 0, 0, 177, 178, 178, 179, 175, 177, 178, 178, 179, 0, 0, 0, 0, 0, 0, 182, 183, 183, 184, 180, 182, 183, 183, 184, 0, 0, 0, 0, 0, 0, 187, 188, 188, 189, 173, 187, 188, 188, 189, 0, 0, 0, 0, 0, 0, 0, 0, 0, 0, 0, 0, 0, 0, 0, 0, 0, 0, 0, 0, 0, 0, 0, 0, 0, 0, 0, 0, 0, 0, 0, 0, 0, 0, 0, 0, 0, 0, 0, 0, 0, 0, 0, 0, 0, 0, 0, 0],
         "height":25,
         "id":1,
         "name":"Tower Cave",
         "opacity":1,
         "type":"tilelayer",
         "visible":true,
         "width":15,
         "x":0,
         "y":0
        }, 
        {
         "data":[0, 0, 0, 0, 0, 0, 0, 0, 0, 0, 0, 0, 0, 0, 0, 0, 0, 0, 0, 0, 0, 0, 0, 0, 0, 0, 0, 0, 0, 0, 0, 0, 0, 0, 0, 0, 190, 190, 190, 0, 0, 0, 0, 0, 0, 0, 0, 0, 0, 0, 0, 190, 0, 190, 0, 0, 0, 0, 0, 0, 0, 0, 0, 0, 0, 0, 190, 0, 190, 0, 0, 0, 0, 0, 0, 0, 0, 0, 0, 0, 0, 190, 0, 190, 0, 0, 0, 0, 0, 0, 0, 0, 0, 0, 0, 190, 190, 0, 190, 0, 0, 0, 0, 0, 0, 0, 0, 0, 0, 0, 190, 0, 0, 190, 0, 0, 0, 0, 0, 0, 0, 0, 0, 0, 0, 190, 0, 0, 190, 190, 0, 0, 0, 0, 0, 0, 0, 0, 0, 0, 190, 0, 0, 0, 190, 0, 0, 0, 0, 0, 0, 0, 0, 0, 0, 190, 190, 0, 190, 190, 0, 0, 0, 0, 0, 0, 0, 0, 0, 0, 0, 190, 0, 190, 190, 0, 0, 0, 0, 0, 0, 0, 0, 0, 0, 0, 190, 0, 190, 0, 0, 0, 0, 0, 0, 0, 0, 0, 0, 0, 0, 190, 0, 190, 0, 0, 0, 0, 0, 0, 0, 0, 0, 0, 0, 190, 190, 0, 190, 0, 0, 0, 0, 0, 0, 0, 0, 0, 0, 0, 190, 0, 0, 190, 190, 0, 0, 0, 0, 0, 0, 0, 0, 0, 0, 190, 0, 0, 190, 190, 0, 0, 0, 0, 0, 0, 0, 0, 0, 0, 190, 190, 0, 0, 190, 0, 0, 0, 0, 0, 0, 0, 0, 0, 0, 0, 190, 0, 0, 190, 0, 0, 0, 0, 0, 0, 0, 0, 0, 0, 0, 190, 0, 190, 190, 0, 0, 0, 0, 0, 0, 0, 0, 0, 0, 0, 190, 0, 190, 0, 0, 0, 0, 0, 0, 0, 0, 0, 0, 0, 0, 190, 0, 190, 0, 0, 0, 0, 0, 0, 0, 0, 0, 0, 0, 0, 190, 190, 190, 0, 0, 0, 0, 0, 0, 0, 0, 0, 0, 0, 0, 0, 0, 0, 0, 0, 0, 0, 0, 0, 0, 0, 0, 0, 0, 0, 0, 0, 0, 0, 0, 0, 0, 0, 0],
         "height":25,
         "id":2,
         "name":"Collision",
         "opacity":1,
         "type":"tilelayer",
         "visible":true,
         "width":15,
         "x":0,
         "y":0
        }],
 "nextlayerid":3,
 "nextobjectid":1,
 "orientation":"orthogonal",
 "renderorder":"right-down",
 "tiledversion":"1.7.2",
 "tileheight":16,
 "tilesets":[
        {
         "firstgid":1,
         "source":"Town.tsx"
        }, 
        {
         "firstgid":170,
         "source":"Tower Cave.tsx"
        }, 
        {
         "firstgid":190,
         "source":"Collision.tsx"
        }],
 "tilewidth":16,
 "type":"map",
 "version":"1.6",
 "width":15
}