{ "compressionlevel":-1,
 "editorsettings":
    {
     "chunksize":
        {
         "height":32,
         "width":30
        }
    },
 "height":32,
 "infinite":false,
 "layers":[
        {
         "data":[0, 0, 0, 0, 0, 0, 0, 0, 0, 0, 0, 0, 0, 0, 0, 0, 0, 0, 0, 0, 0, 0, 0, 0, 0, 0, 0, 0, 0, 0, 0, 0, 0, 0, 0, 0, 0, 0, 0, 0, 0, 0, 8, 8, 2, 3, 4, 0, 0, 0, 0, 0, 0, 0, 0, 0, 0, 0, 0, 0, 0, 0, 0, 0, 0, 0, 0, 0, 0, 0, 8, 8, 8, 8, 2, 3, 4, 8, 8, 8, 0, 0, 0, 0, 0, 0, 0, 0, 0, 0, 0, 0, 0, 0, 0, 0, 0, 0, 8, 8, 8, 8, 8, 8, 2, 3, 4, 8, 8, 8, 8, 8, 0, 0, 0, 0, 0, 0, 0, 0, 0, 0, 0, 0, 0, 0, 0, 8, 8, 21, 8, 8, 8, 8, 2, 3, 4, 8, 8, 21, 8, 8, 8, 0, 0, 0, 0, 0, 0, 0, 0, 0, 0, 0, 0, 0, 8, 8, 8, 28, 8, 21, 8, 21, 2, 3, 4, 8, 8, 28, 8, 8, 8, 8, 8, 0, 0, 0, 0, 0, 0, 0, 0, 0, 0, 8, 8, 8, 8, 8, 8, 28, 21, 28, 2, 3, 4, 8, 21, 8, 8, 8, 8, 8, 8, 8, 0, 0, 0, 0, 0, 0, 0, 0, 8, 8, 8, 8, 8, 21, 8, 8, 28, 8, 2, 3, 4, 8, 28, 8, 8, 21, 8, 8, 8, 8, 0, 0, 0, 0, 0, 0, 0, 0, 8, 8, 8, 8, 8, 28, 21, 8, 7, 8, 2, 3, 4, 7, 8, 7, 8, 28, 8, 8, 8, 8, 8, 0, 0, 0, 0, 0, 0, 0, 8, 8, 8, 8, 8, 8, 28, 7, 14, 7, 2, 3, 4, 14, 7, 14, 8, 8, 21, 8, 8, 8, 8, 0, 0, 0, 0, 0, 0, 0, 8, 8, 8, 21, 8, 8, 7, 14, 14, 28, 2, 3, 4, 28, 28, 14, 7, 8, 28, 8, 8, 8, 8, 0, 0, 0, 0, 0, 0, 0, 8, 8, 8, 28, 8, 21, 14, 14, 28, 8, 2, 3, 4, 5, 22, 14, 14, 8, 21, 8, 8, 8, 8, 8, 0, 0, 0, 0, 0, 8, 8, 8, 8, 8, 8, 28, 14, 28, 1, 8, 9, 10, 11, 12, 8, 14, 14, 21, 28, 8, 8, 8, 8, 8, 0, 0, 0, 0, 0, 8, 8, 8, 8, 8, 21, 8, 14, 7, 8, 8, 16, 8, 17, 8, 21, 14, 14, 28, 8, 8, 8, 8, 8, 8, 8, 0, 0, 0, 0, 8, 8, 8, 8, 8, 28, 8, 14, 14, 8, 8, 23, 8, 24, 8, 28, 14, 14, 8, 21, 8, 8, 8, 8, 8, 8, 0, 0, 0, 0, 8, 8, 8, 8, 21, 8, 21, 14, 14, 21, 8, 8, 1, 8, 8, 1, 28, 14, 7, 28, 8, 21, 8, 8, 8, 8, 0, 0, 0, 8, 8, 8, 8, 8, 28, 8, 28, 28, 14, 28, 8, 16, 8, 17, 8, 8, 7, 14, 14, 8, 8, 28, 8, 8, 8, 8, 0, 0, 0, 8, 8, 8, 21, 8, 21, 8, 21, 7, 14, 22, 8, 23, 8, 24, 8, 8, 14, 14, 28, 21, 8, 8, 8, 8, 8, 8, 0, 0, 0, 8, 8, 8, 28, 21, 28, 21, 28, 14, 14, 8, 8, 8, 8, 8, 21, 7, 14, 14, 7, 28, 8, 8, 8, 8, 8, 8, 0, 0, 0, 8, 8, 8, 8, 28, 8, 28, 7, 14, 28, 21, 8, 16, 8, 17, 28, 14, 14, 14, 14, 8, 8, 8, 8, 8, 8, 8, 0, 0, 0, 8, 8, 8, 8, 8, 8, 8, 14, 14, 7, 28, 8, 23, 1, 24, 8, 14, 14, 28, 28, 8, 21, 8, 8, 8, 8, 8, 0, 0, 0, 8, 8, 8, 8, 8, 21, 8, 14, 28, 14, 1, 21, 8, 8, 8, 8, 28, 14, 7, 8, 8, 28, 8, 8, 8, 8, 8, 0, 0, 0, 8, 8, 8, 8, 8, 28, 8, 28, 7, 14, 21, 28, 16, 8, 17, 8, 8, 14, 14, 8, 8, 8, 8, 21, 8, 8, 8, 0, 0, 0, 8, 8, 8, 8, 8, 8, 8, 8, 14, 14, 28, 8, 23, 8, 24, 8, 8, 28, 14, 7, 21, 8, 8, 28, 8, 8, 8, 0, 0, 0, 8, 8, 8, 8, 8, 8, 21, 8, 14, 14, 8, 1, 8, 8, 8, 8, 8, 22, 14, 14, 28, 8, 8, 8, 8, 8, 8, 0, 0, 0, 8, 8, 8, 8, 8, 8, 28, 21, 14, 14, 7, 8, 8, 8, 8, 8, 8, 7, 14, 14, 8, 21, 8, 8, 8, 8, 8, 0, 0, 0, 0, 8, 8, 8, 8, 8, 8, 28, 14, 14, 14, 8, 8, 8, 1, 8, 7, 14, 14, 14, 8, 28, 8, 8, 8, 8, 8, 0, 0, 0, 0, 8, 8, 8, 8, 21, 8, 8, 14, 14, 28, 8, 8, 8, 8, 8, 14, 14, 14, 14, 8, 8, 8, 8, 8, 8, 8, 0, 0, 0, 0, 0, 8, 8, 8, 28, 8, 8, 28, 14, 22, 7, 8, 7, 22, 7, 14, 28, 14, 28, 8, 8, 8, 8, 8, 8, 8, 0, 0, 0, 0, 0, 8, 8, 8, 8, 8, 21, 8, 14, 7, 14, 13, 14, 7, 14, 28, 8, 28, 8, 8, 8, 8, 8, 8, 0, 0, 0, 0, 0, 0, 0, 0, 8, 8, 8, 8, 28, 8, 28, 14, 28, 0, 28, 14, 28, 8, 21, 8, 8, 8, 8, 8, 8, 0, 0, 0, 0, 0, 0, 0, 0, 0, 0, 0, 0, 8, 8, 8, 8, 28, 0, 0, 0, 28, 8, 8, 28, 8, 8, 8, 8, 0, 0, 0, 0, 0, 0],
         "height":32,
         "id":1,
         "name":"Tower Entrance",
         "opacity":1,
         "type":"tilelayer",
         "visible":true,
         "width":30,
         "x":0,
         "y":0
        }, 
        {
         "data":[0, 0, 0, 0, 0, 0, 0, 0, 0, 0, 0, 0, 0, 0, 0, 0, 0, 0, 0, 0, 0, 0, 0, 0, 0, 0, 0, 0, 0, 0, 0, 0, 0, 0, 0, 0, 0, 0, 0, 0, 0, 0, 0, 0, 0, 0, 0, 0, 0, 0, 0, 0, 0, 0, 0, 0, 0, 0, 0, 0, 0, 0, 0, 0, 0, 0, 0, 0, 0, 0, 0, 0, 0, 0, 0, 0, 0, 0, 0, 0, 0, 0, 0, 0, 0, 0, 0, 0, 0, 0, 0, 0, 0, 0, 0, 0, 0, 0, 0, 0, 0, 0, 0, 0, 0, 0, 0, 0, 0, 0, 0, 0, 0, 0, 0, 0, 0, 0, 0, 0, 0, 0, 0, 0, 0, 0, 0, 0, 0, 0, 0, 0, 0, 0, 0, 0, 0, 0, 0, 0, 0, 0, 0, 0, 0, 0, 0, 0, 0, 0, 0, 0, 0, 0, 0, 0, 0, 0, 0, 0, 0, 0, 0, 0, 0, 0, 0, 0, 0, 0, 0, 0, 0, 0, 0, 0, 0, 0, 0, 0, 0, 0, 0, 0, 0, 0, 0, 0, 0, 0, 0, 0, 0, 0, 0, 0, 0, 0, 0, 0, 0, 0, 0, 0, 0, 0, 0, 0, 0, 0, 0, 0, 0, 0, 0, 0, 0, 0, 0, 0, 0, 0, 0, 0, 0, 0, 0, 0, 0, 0, 0, 0, 0, 0, 0, 0, 0, 0, 0, 0, 0, 0, 0, 0, 0, 0, 0, 0, 0, 0, 0, 0, 0, 0, 0, 0, 0, 0, 0, 0, 0, 0, 0, 0, 0, 0, 0, 0, 0, 0, 0, 0, 0, 0, 0, 0, 0, 0, 0, 0, 0, 0, 0, 0, 0, 0, 0, 0, 0, 0, 0, 0, 0, 0, 0, 0, 0, 0, 0, 0, 0, 0, 0, 0, 0, 0, 0, 0, 0, 0, 0, 0, 29, 29, 29, 29, 29, 29, 29, 29, 0, 0, 0, 0, 0, 0, 0, 0, 0, 0, 0, 0, 0, 0, 0, 0, 0, 0, 0, 0, 0, 29, 29, 0, 29, 29, 29, 0, 29, 29, 0, 0, 0, 0, 0, 0, 0, 0, 0, 0, 0, 0, 0, 0, 0, 0, 0, 0, 0, 0, 0, 29, 0, 0, 29, 0, 29, 0, 0, 29, 0, 0, 0, 0, 0, 0, 0, 0, 0, 0, 0, 0, 0, 0, 0, 0, 0, 0, 0, 0, 0, 29, 0, 0, 29, 0, 29, 0, 29, 29, 0, 0, 0, 0, 0, 0, 0, 0, 0, 0, 0, 0, 0, 0, 0, 0, 0, 0, 0, 0, 0, 29, 0, 0, 29, 0, 29, 0, 29, 29, 0, 0, 0, 0, 0, 0, 0, 0, 0, 0, 0, 0, 0, 0, 0, 0, 0, 0, 0, 0, 0, 29, 29, 0, 0, 0, 0, 0, 0, 29, 0, 0, 0, 0, 0, 0, 0, 0, 0, 0, 0, 0, 0, 0, 0, 0, 0, 0, 0, 0, 0, 0, 29, 0, 29, 0, 29, 0, 0, 29, 0, 0, 0, 0, 0, 0, 0, 0, 0, 0, 0, 0, 0, 0, 0, 0, 0, 0, 0, 0, 0, 29, 29, 0, 29, 0, 29, 0, 0, 29, 0, 0, 0, 0, 0, 0, 0, 0, 0, 0, 0, 0, 0, 0, 0, 0, 0, 0, 0, 0, 0, 29, 0, 0, 0, 0, 0, 29, 29, 29, 0, 0, 0, 0, 0, 0, 0, 0, 0, 0, 0, 0, 0, 0, 0, 0, 0, 0, 0, 0, 0, 29, 29, 0, 29, 0, 29, 29, 29, 0, 0, 0, 0, 0, 0, 0, 0, 0, 0, 0, 0, 0, 0, 0, 0, 0, 0, 0, 0, 0, 0, 29, 29, 0, 29, 0, 29, 0, 29, 0, 0, 0, 0, 0, 0, 0, 0, 0, 0, 0, 0, 0, 0, 0, 0, 0, 0, 0, 0, 0, 0, 29, 0, 29, 0, 0, 0, 0, 29, 29, 0, 0, 0, 0, 0, 0, 0, 0, 0, 0, 0, 0, 0, 0, 0, 0, 0, 0, 0, 0, 0, 29, 29, 29, 29, 0, 29, 0, 0, 29, 0, 0, 0, 0, 0, 0, 0, 0, 0, 0, 0, 0, 0, 0, 0, 0, 0, 0, 0, 0, 0, 29, 29, 0, 29, 0, 29, 0, 0, 29, 0, 0, 0, 0, 0, 0, 0, 0, 0, 0, 0, 0, 0, 0, 0, 0, 0, 0, 0, 0, 0, 29, 0, 0, 0, 0, 0, 0, 0, 29, 0, 0, 0, 0, 0, 0, 0, 0, 0, 0, 0, 0, 0, 0, 0, 0, 0, 0, 0, 0, 0, 29, 29, 0, 0, 0, 0, 0, 0, 29, 0, 0, 0, 0, 0, 0, 0, 0, 0, 0, 0, 0, 0, 0, 0, 0, 0, 0, 0, 0, 0, 0, 29, 0, 0, 0, 0, 0, 29, 29, 0, 0, 0, 0, 0, 0, 0, 0, 0, 0, 0, 0, 0, 0, 0, 0, 0, 0, 0, 0, 0, 0, 29, 0, 0, 0, 0, 0, 29, 0, 0, 0, 0, 0, 0, 0, 0, 0, 0, 0, 0, 0, 0, 0, 0, 0, 0, 0, 0, 0, 0, 0, 29, 29, 0, 29, 29, 29, 29, 0, 0, 0, 0, 0, 0, 0, 0, 0, 0, 0, 0, 0, 0, 0, 0, 0, 0, 0, 0, 0, 0, 0, 0, 29, 0, 29, 0, 0, 0, 0, 0, 0, 0, 0, 0, 0, 0, 0, 0, 0, 0, 0, 0, 0, 0, 0, 0, 0, 0, 0, 0, 0, 0, 29, 29, 29, 0, 0, 0, 0, 0, 0, 0, 0, 0, 0, 0, 0, 0, 0, 0, 0, 0, 0, 0, 0, 0, 0, 0, 0, 0, 0, 0, 0, 0, 0, 0, 0, 0, 0, 0, 0, 0, 0, 0, 0, 0, 0, 0, 0],
         "height":32,
         "id":2,
         "name":"Collision",
         "opacity":1,
         "type":"tilelayer",
         "visible":true,
         "width":30,
         "x":0,
         "y":0
        }],
 "nextlayerid":3,
 "nextobjectid":1,
 "orientation":"orthogonal",
 "renderorder":"right-down",
 "tiledversion":"1.7.2",
 "tileheight":16,
 "tilesets":[
        {
         "firstgid":1,
         "source":"Tower Entrance.tsx"
        }, 
        {
         "firstgid":29,
         "source":"Collision.tsx"
        }],
 "tilewidth":16,
 "type":"map",
 "version":"1.6",
 "width":30
}